LPAL,LPAL_LIN,ROIL_LIN,ROIL_LINF,ROIL_LINF_LIN,ROIL_LINF_PRUNE,ROIL_LIN_PRUNE,GAIL,NBC,EstLInfDiff,Epsilon,Optimal,Random,dataset_size
-1674.1511348223748,-1539.6906152180704,-6773.279848167838,-2256.582581317517,-1828.0830474356774,-4166.167722286125,-10563.275329129081,-5757.476590820018,-7470.761638478789,12.093362814235746,3728.27708662496,-1539.6906152180873,-8643.082773659318,100
-1587.6040549876566,-1539.6906152180704,-2501.938312641457,-1995.4058570118116,-1744.761547461829,-2858.2193626140916,-3222.861504491616,-3201.4586739396827,-2858.219362614086,2.94203385302275,3067.715640704613,-1539.6906152180873,-8643.082773659318,100
-1612.2750311999396,-1566.4979116584045,-3984.739231795739,-1895.077360101538,-1804.7731419001784,-4066.396945427153,-5848.575002020628,-6169.607369443813,-4029.7669694291185,4.982830700440146,3348.4774751869345,-1539.6906152180873,-8643.082773659318,100
-1659.253999870097,-1587.3966108616553,-4100.131007635052,-1910.8838771297594,-1870.740868292697,-4404.776573750636,-6035.789800553635,-3978.4748365602773,-5184.611341135276,6.66856156771893,3665.104960128844,-1539.6906152180873,-8643.082773659318,100
-1623.286583581624,-1539.6906152180702,-3590.440451333117,-1896.5112371223886,-1809.3671026680527,-3790.478911606476,-5114.517419475213,-7510.473373657753,-4029.7669694291185,4.982830700440146,3418.4638526866147,-1539.6906152180873,-8643.082773659318,100
-1668.785720661162,-1539.6906152180704,-6740.172667134724,-2244.2617337362435,-1789.2692097260951,-4108.841648092863,-10658.376053491987,-6790.611152950877,-7705.0649523777365,12.230717890095521,3713.0931554893223,-1539.6906152180873,-8643.082773659318,100
-1647.8221782445971,-1566.4979116584045,-7485.395201628112,-2193.048893302255,-1804.1879684229657,-3762.647823526377,-12440.811238580207,-3580.316181211896,-8618.668106721594,13.847431494491282,3658.29070912528,-1539.6906152180873,-8643.082773659318,100
-1570.9559461483232,-1539.6906152178562,-4325.642145211741,-1957.3419137285928,-1736.096167298358,-3022.7700796344498,-6542.921745751574,-3307.5497754600965,-5604.591064231772,8.220537252592344,2995.506792651551,-1539.6906152180873,-8643.082773659318,100
-1687.2404404078236,-1587.3966108613774,-5806.928820517343,-2319.591265876348,-1880.9667143156107,-4841.50059307743,-9288.602145758725,-2044.602481418109,-6943.869950689381,9.75479968025911,4032.6424601280814,-1539.6906152180873,-8643.082773659318,100
-1558.7669257242753,-1558.7669257243224,-2105.747046292252,-1590.8768206645173,-1785.218952947415,-2257.866831111427,-2492.434520347876,-2559.164965879688,-2264.695529316821,3.311787330785262,2477.1040011623822,-1539.6906152180873,-8643.082773659318,100
-1558.1313869906526,-1598.9407976623559,-1679.5693801996738,-1598.9407976623559,-1606.5827951223664,-1670.9700037200557,-1807.7835758428448,-2355.2166893405984,-1812.6214085029303,0.6428844431776838,324.61227576518445,-1539.6906152180873,-8643.082773659318,996
-1692.680430208801,-1539.6906152180704,-1691.5712861127054,-1848.5004087902682,-1691.5712861126237,-1848.5004087902682,-1841.8576028801783,-2005.3880192655083,-1848.50040879021,0.8779262089078799,2035.9689559708722,-1539.6906152180873,-8643.082773659318,996
-1558.7850118992742,-1539.6906152180704,-1561.925924032814,-1582.9674480022363,-1561.925924032806,-1582.9674480022363,-1584.121759607842,-1693.8052205231731,-1582.9674480022256,0.20722014987557746,898.062080733446,-1539.6906152180873,-8643.082773659318,996
-1569.1662347403287,-1549.3507728810707,-1563.1344903035701,-1549.3507728810707,-1563.134490303517,-1587.3506143178734,-1585.8041243083076,-2682.535343286563,-1583.5932274634747,0.19051485655056485,724.6794000211305,-1539.6906152180873,-8643.082773659318,996
-1653.378782907756,-1539.6906152180702,-1569.033145154446,-1598.7071052766437,-1569.0331451544823,-1598.7071052766437,-1598.1195498862858,-1767.8491241075244,-1598.3342798147003,0.2674871109901936,1513.9024346440074,-1539.6906152180873,-8643.082773659318,996
-1593.4542010001248,-1539.6906152180704,-1679.5693801996738,-1776.7822990684092,-1630.2541395207593,-1812.621408503112,-1807.7835758428448,-1977.7431263296328,-1812.6214085029303,0.6428844431776838,1142.047461961029,-1539.6906152180873,-8643.082773659318,996
-1576.0955772883387,-1539.6906152180702,-1550.086962184229,-1558.2059137906688,-1550.0869621841823,-1558.2059137906688,-1557.7045670432638,-1631.7709176217104,-1558.2059137906729,0.15226532974995677,1241.266417791614,-1539.6906152180873,-8643.082773659318,996
-1562.0943378173235,-1549.3507728810707,-1558.3228410949164,-1549.3507728810707,-1558.3228410948982,-1575.241127772742,-1571.2284894520467,-2893.348115505685,-1550.2431634000027,0.2200023862868929,348.8314884592114,-1539.6906152180873,-8643.082773659318,996
-1579.6596199696414,-1539.6906152180704,-1603.031008396276,-1670.595546694705,-1603.031008396268,-1670.595546694705,-1668.066502844075,-1578.5890342581863,-1670.5955466947046,0.4118541732717025,1098.653394717695,-1539.6906152180873,-8643.082773659318,996
-1706.74411137511,-1539.6906152180704,-1679.5693801996738,-1812.621408503112,-1679.5693801996897,-1812.621408503112,-1807.7835758428448,-4282.118137601852,-1812.6214085029303,0.6428844431776838,2145.371801496547,-1539.6906152180873,-8643.082773659318,996
-1586.7215853723144,-1539.6906152180702,-1539.6906152181211,-1539.6906152180702,-1539.6906152180707,-1539.6906152180702,-1539.690615218219,-3062.5991364974425,-1539.6906152180738,1.4566126083082054e-13,538.9662206079593,-1539.6906152180873,-8643.082773659318,1897
-1554.712856795043,-1539.6906152180704,-1556.653270304671,-1543.2517449311708,-1556.6532703046075,-1543.2517449311717,-1568.3872850431972,-1595.3902143183334,-1543.2517449311667,0.11491578050074083,488.6489591015924,-1539.6906152180873,-8643.082773659318,1897
-1544.654895008757,-1539.6906152180704,-1563.1344903035701,-1582.550334170158,-1559.5480083467216,-1583.593227463637,-1585.8041243083076,-2013.4413911303582,-1583.5932274634747,0.19051485655056485,289.2721350282256,-1539.6906152180873,-8643.082773659318,1897
-1586.8998962739438,-1539.6906152180704,-1679.5693801996738,-1709.182558061684,-1589.177156253357,-1812.621408503112,-1807.7835758428448,-1685.6604953970327,-1812.6214085029303,0.6428844431776838,647.132197443238,-1539.6906152180873,-8643.082773659318,1897
-1544.471130161975,-1549.3507728810707,-1554.3646091620353,-1549.3507728810707,-1553.9369310995323,-1560.4662964362565,-1566.260791164855,-2066.9598522828132,-1551.8325400672743,0.07452027639076307,63.755596553293245,-1539.6906152180873,-8643.082773659318,1897
-1606.4763198620205,-1539.6906152180702,-1546.0364493540292,-1551.8325400673073,-1546.0364493540508,-1551.8325400673073,-1551.705055568941,-2128.580114671168,-1551.8325400672743,0.07452027639076307,1087.0301600375292,-1539.6906152180873,-8643.082773659318,1897
-1604.273219997045,-1586.804306322754,-1563.1344903035701,-1586.8043063227553,-1584.521454386774,-1587.3506143178734,-1585.8041243083076,-1826.2577735827729,-1583.5932274634747,0.19051485655056485,62.02465842580983,-1539.6906152180873,-8643.082773659318,1897
-1558.7409347870712,-1539.6906152180704,-1563.1344903035701,-1583.593227463637,-1555.0387845303292,-1583.593227463637,-1585.8041243083076,-2541.3752272502547,-1583.5932274634747,0.19051485655056485,218.37331494703488,-1539.6906152180873,-8643.082773659318,1897
-1540.6812087124147,-1539.6906152180702,-1546.0364493540292,-1539.6906152180702,-1545.789077959057,-1551.8325400673073,-1551.705055568941,-2489.9253804490495,-1551.8325400672743,0.07452027639076307,50.51234414177573,-1539.6906152180873,-8643.082773659318,1897
-1575.7770258056112,-1539.6906152180704,-1603.031008396276,-1657.8818930653877,-1569.9046822439345,-1670.595546694705,-1668.066502844075,-2541.410464531763,-1670.5955466947046,0.4118541732717025,398.06781349549686,-1539.6906152180873,-8643.082773659318,1897
-1617.1530494278277,-1539.6906152180702,-1539.6906152181211,-1539.6906152180702,-1539.6906152180707,-1539.6906152180702,-1539.690615218219,-1777.2739704821809,-1539.6906152180738,1.4566126083082054e-13,946.853596077402,-1539.6906152180873,-8643.082773659318,2800
-1648.197718655266,-1539.6906152180704,-1550.8415411760325,-1545.45150780246,-1550.8415411762119,-1545.45150780246,-1557.2361143698508,-2063.0600480903563,-1545.4515078017828,0.18253378702583722,1259.2221508017587,-1539.6906152180873,-8643.082773659318,2800
-1580.9195034121783,-1539.6906152180702,-1539.6906152181211,-1539.6906152180702,-1539.6906152180707,-1539.6906152180702,-1539.690615218219,-1626.3185207256813,-1539.6906152180738,1.4566126083082054e-13,580.8639123895725,-1539.6906152180873,-8643.082773659318,2800
-1558.120470242944,-1539.6906152180702,-1539.6906152181211,-1539.6906152180702,-1539.6906152180707,-1539.6906152180702,-1539.690615218219,-2431.3241417449544,-1539.6906152180738,1.4566126083082054e-13,211.72045998233665,-1539.6906152180873,-8643.082773659318,2800
-1581.6034539602972,-1539.6906152180702,-1546.0364493540292,-1551.8325400673073,-1546.0364493540508,-1551.8325400673073,-1551.705055568941,-1892.7123045386168,-1551.8325400672743,0.07452027639076307,446.5206114265754,-1539.6906152180873,-8643.082773659318,2800
-1611.6477215708937,-1560.9560870444568,-1554.3646091620353,-1560.9560870444564,-1556.5666649059776,-1560.9560870444564,-1566.260791164855,-1654.9578760561626,-1551.8325400672743,0.07452027639076307,121.08265805792195,-1539.6906152180873,-8643.082773659318,2800
-1573.9515076675318,-1539.6906152180704,-1550.8415411760325,-1545.45150780246,-1550.8415411762119,-1545.45150780246,-1557.2361143698508,-1775.8883025065609,-1545.4515078017828,0.18253378702583722,373.1713654499967,-1539.6906152180873,-8643.082773659318,2800
-1572.9858421290799,-1539.6906152180702,-1539.6906152181211,-1539.6906152180702,-1539.6906152180707,-1539.6906152180702,-1539.690615218219,-2147.066885172314,-1539.6906152180738,1.4566126083082054e-13,281.04450168041666,-1539.6906152180873,-8643.082773659318,2800
-1559.3210737148424,-1539.6906152180704,-1563.1344903035701,-1583.593227463637,-1562.13581890453,-1583.593227463637,-1585.8041243083076,-2061.812035589941,-1583.5932274634747,0.19051485655056485,329.9604491623176,-1539.6906152180873,-8643.082773659318,2800
-1588.6688154013991,-1539.6906152180704,-1561.925924032814,-1582.9674480022363,-1561.925924032806,-1582.9674480022363,-1584.121759607842,-1735.9442963146207,-1582.9674480022256,0.20722014987557746,690.6960978685552,-1539.6906152180873,-8643.082773659318,2800
-1637.0727192127265,-1539.6906152180702,-1539.6906152181211,-1539.6906152180702,-1539.6906152180707,-1539.6906152180702,-1539.690615218219,-2200.4757375893205,-1539.6906152180738,1.4566126083082054e-13,362.05425523815626,-1539.6906152180873,-8643.082773659318,3696
-1593.079598094035,-1566.2748260706974,-1556.653270304671,-1566.2748260706974,-1564.6313715960844,-1566.2748260706974,-1568.3872850431972,-2462.0557532951543,-1543.2517449311667,0.11491578050074083,60.93078844497114,-1539.6906152180873,-8643.082773659318,3696
-1554.949932695718,-1549.3507728810707,-1544.5206940495752,-1549.3507728810707,-1545.7382247863356,-1549.3507728810707,-1548.5434618406414,-1637.8883333547687,-1539.6906152180738,1.4566126083082054e-13,40.209082987565935,-1539.6906152180873,-8643.082773659318,3696
-1647.0036573821237,-1539.6906152180704,-1556.653270304671,-1543.2517449311708,-1556.6532703046075,-1543.2517449311717,-1568.3872850431972,-1878.782722433593,-1543.2517449311667,0.11491578050074083,1270.8027887716562,-1539.6906152180873,-8643.082773659318,3696
-1575.6341010444198,-1539.6906152180702,-1545.2112211487363,-1550.7318270794574,-1545.2112211487636,-1550.7318270794574,-1550.682631179035,-1676.2323548570564,-1550.731827079446,0.07320907011372718,544.4197038057268,-1539.6906152180873,-8643.082773659318,3696
-1609.1275790356199,-1552.333402169036,-1546.7513389875128,-1552.333402169036,-1546.7513389877247,-1552.333402169036,-1551.0604504608723,-1550.2431634000025,-1543.6957965160373,0.16534003058747254,195.49021497557567,-1539.6906152180873,-8643.082773659318,3696
-1720.6735544689632,-1539.6906152180702,-1540.042105511918,-1540.3935958064628,-1540.0421055119457,-1540.3935958064628,-1540.3700061425911,-1966.0922771095125,-1540.393595806432,0.03965795875324679,1907.7436446168515,-1539.6906152180873,-8643.082773659318,3696
-1694.956825812948,-1543.251744931172,-1541.4474681496529,-1543.251744931172,-1541.44746814957,-1543.251744931172,-1543.1328097235025,-3645.859231322402,-1543.2517449311667,0.11491578050074083,510.75333234170796,-1539.6906152180873,-8643.082773659318,3696
-1602.2058249239963,-1543.6957965163317,-1546.7513389875128,-1543.6957965163317,-1546.7513389877247,-1543.6957965163317,-1551.0604504608723,-1647.9071872507761,-1543.6957965160373,0.16534003058747254,159.65974454079833,-1539.6906152180873,-8643.082773659318,3696
-1653.5696945790658,-1539.6906152180704,-1544.5206940495752,-1539.6906152180704,-1544.5206940495689,-1539.6906152180704,-1548.5434618406414,-1670.5955466947048,-1539.6906152180738,1.4566126083082054e-13,1147.3619037509702,-1539.6906152180873,-8643.082773659318,3696
-1643.8145764877215,-1539.6906152180702,-1539.6906152181211,-1539.6906152180702,-1539.6906152180707,-1539.6906152180702,-1539.690615218219,-2349.9747470240845,-1539.6906152180738,1.4566126083082054e-13,880.0537154523429,-1539.6906152180873,-8643.082773659318,4600
-1622.6886077801364,-1539.6906152180702,-1539.6906152181211,-1539.6906152180702,-1539.6906152180707,-1539.6906152180702,-1539.690615218219,-1968.7639904183482,-1539.6906152180738,1.4566126083082054e-13,660.8077476083067,-1539.6906152180873,-8643.082773659318,4600
-1598.028729086051,-1539.6906152180702,-1540.232476749872,-1540.774338281474,-1540.2324767498026,-1540.774338281474,-1540.7398443313818,-3098.2880610136012,-1540.7743382814883,0.11092820200700015,669.7324862500336,-1539.6906152180873,-8643.082773659318,4600
-1765.554434218123,-1539.6906152180702,-1539.6906152181211,-1539.6906152180702,-1539.6906152180707,-1539.6906152180702,-1539.690615218219,-1813.005079451439,-1539.6906152180738,1.4566126083082054e-13,710.7993225770235,-1539.6906152180873,-8643.082773659318,4600
-1578.7610971953688,-1539.6906152180702,-1539.6906152181211,-1539.6906152180702,-1539.6906152180707,-1539.6906152180702,-1539.690615218219,-1725.4483913815034,-1539.6906152180738,1.4566126083082054e-13,263.63334391273037,-1539.6906152180873,-8643.082773659318,4600
-1607.6983876664724,-1539.6906152180704,-1544.5206940495752,-1539.6906152180704,-1544.5206940495689,-1539.6906152180704,-1548.5434618406414,-1708.4510320175614,-1539.6906152180738,1.4566126083082054e-13,533.9536588788412,-1539.6906152180873,-8643.082773659318,4600
-1639.862124001625,-1539.6906152180702,-1539.6906152181211,-1539.6906152180702,-1539.6906152180707,-1539.6906152180702,-1539.690615218219,-2157.5080595769614,-1539.6906152180738,1.4566126083082054e-13,387.83019548752037,-1539.6906152180873,-8643.082773659318,4600
-1594.8862569638493,-1539.6906152180702,-1539.6906152181211,-1539.6906152180702,-1539.6906152180707,-1539.6906152180702,-1539.690615218219,-1782.0093225558198,-1539.6906152180738,1.4566126083082054e-13,325.7198957606101,-1539.6906152180873,-8643.082773659318,4600
-1612.6486779527486,-1555.310686899452,-1547.2203241061986,-1555.310686899452,-1547.2203241061986,-1555.310686899452,-1554.0623130595973,-1833.8572000260608,-1540.393595806432,0.03965795875324679,170.42524708626456,-1539.6906152180873,-8643.082773659318,4600
-1616.098433004908,-1539.6906152180702,-1540.232476749872,-1540.774338281474,-1540.2324767498026,-1540.774338281474,-1540.7398443313818,-1832.0302724402188,-1540.7743382814883,0.11092820200700015,854.1857819735194,-1539.6906152180873,-8643.082773659318,4600
-1560.7867198703245,-1539.6906152180702,-1539.6906152181211,-1539.6906152180702,-1539.6906152180707,-1539.6906152180702,-1539.690615218219,-2876.9461843919917,-1539.6906152180738,1.4566126083082054e-13,256.86743145768395,-1539.6906152180873,-8643.082773659318,5496
-1558.0736264950867,-1539.6906152180702,-1539.6906152181211,-1539.6906152180702,-1539.6906152180707,-1539.6906152180702,-1539.690615218219,-1637.8883333547687,-1539.6906152180738,1.4566126083082054e-13,119.63976715874689,-1539.6906152180873,-8643.082773659318,5496
-1672.3795085432293,-1550.7318270794574,-1545.2112211487363,-1550.7318270794574,-1545.2112211487636,-1550.7318270794574,-1550.682631179035,-1915.1842577295236,-1550.731827079446,0.07320907011372718,430.54648188638794,-1539.6906152180873,-8643.082773659318,5496
-1620.989743915201,-1539.6906152180704,-1546.7513389875128,-1543.6957965163317,-1546.7513389877247,-1543.6957965163317,-1551.0604504608723,-2086.05665946511,-1543.6957965160373,0.16534003058747254,583.9347032278242,-1539.6906152180873,-8643.082773659318,5496
-1722.7720640327368,-1539.6906152180702,-1545.2112211487363,-1550.7318270794574,-1545.2112211487636,-1550.7318270794574,-1550.682631179035,-1565.4874565580149,-1550.731827079446,0.07320907011372718,1860.6901240620932,-1539.6906152180873,-8643.082773659318,5496
-1569.9130180680174,-1539.6906152180704,-1547.2203241061986,-1540.3935958064628,-1547.2203241061986,-1540.3935958064274,-1554.0623130595973,-3020.6078887090607,-1540.393595806432,0.03965795875324679,182.4738559833929,-1539.6906152180873,-8643.082773659318,5496
-1850.0592153465986,-1540.3935958064628,-1540.042105511918,-1540.3935958064628,-1540.0421055119457,-1540.3935958064628,-1540.3700061425911,-3736.6859420183746,-1540.393595806432,0.03965795875324679,1092.9018179057912,-1539.6906152180873,-8643.082773659318,5496
-1592.689026272677,-1539.6906152180702,-1539.6906152181211,-1539.6906152180702,-1539.6906152180707,-1539.6906152180702,-1539.690615218219,-1749.335015462412,-1539.6906152180738,1.4566126083082054e-13,348.74770009476214,-1539.6906152180873,-8643.082773659318,5496
-1563.3030401549765,-1539.6906152180702,-1540.042105511918,-1540.3935958064628,-1540.042105511917,-1540.3935958064628,-1540.3700061425911,-1737.2815450180362,-1540.393595806432,0.03965795875324679,178.2218686532528,-1539.6906152180873,-8643.082773659318,5496
-1810.69557738987,-1539.6906152180702,-1539.6906152181211,-1539.6906152180702,-1539.6906152180707,-1539.6906152180702,-1539.690615218219,-2115.86118975294,-1539.6906152180738,1.4566126083082054e-13,1007.3108133873616,-1539.6906152180873,-8643.082773659318,5496
-1620.3586851441821,-1539.6906152180702,-1539.6906152181211,-1539.6906152180702,-1539.6906152180707,-1539.6906152180702,-1539.690615218219,-3472.2516258949922,-1539.6906152180738,1.4566126083082054e-13,683.3628451226966,-1539.6906152180873,-8643.082773659318,6400
-1679.5009989706195,-1583.593227463637,-1563.1344903035701,-1583.593227463637,-1563.65506563027,-1583.593227463637,-1585.8041243083076,-1826.2577735827729,-1583.5932274634747,0.19051485655056485,250.02803554078656,-1539.6906152180873,-8643.082773659318,6400
-1570.5817012284574,-1539.6906152180704,-1563.1344903035701,-1583.593227463637,-1563.134490303517,-1583.593227463637,-1585.8041243083076,-1632.9442279614332,-1583.5932274634747,0.19051485655056485,420.8944671305757,-1539.6906152180873,-8643.082773659318,6400
-1571.364190885176,-1541.8882752584898,-1541.4474681496529,-1543.251744931172,-1541.447468149614,-1543.251744931172,-1543.1328097235025,-1955.3496566520603,-1543.2517449311667,0.11491578050074083,159.56649291213282,-1539.6906152180873,-8643.082773659318,6400
-1593.725877799145,-1539.6906152180702,-1539.6906152181211,-1539.6906152180702,-1539.6906152180707,-1539.6906152180702,-1539.690615218219,-1628.4389232978676,-1539.6906152180738,1.4566126083082054e-13,322.1478593660532,-1539.6906152180873,-8643.082773659318,6400
-1585.3579311101548,-1539.6906152180702,-1539.6906152181211,-1539.6906152180702,-1539.6906152180707,-1539.6906152180702,-1539.690615218219,-1815.9022281915811,-1539.6906152180738,1.4566126083082054e-13,584.1831139405926,-1539.6906152180873,-8643.082773659318,6400
-1574.5792574053762,-1539.6906152180702,-1540.042105511918,-1540.3935958064628,-1540.042105511917,-1540.3935958064628,-1540.3700061425911,-1928.4725211318466,-1540.393595806432,0.03965795875324679,206.63839444223044,-1539.6906152180873,-8643.082773659318,6400
-1595.4617957085052,-1539.6906152180702,-1540.042105511918,-1540.3935958064628,-1540.0421055119457,-1540.3935958064628,-1540.3700061425911,-1703.1396781364003,-1540.393595806432,0.03965795875324679,668.1698227006802,-1539.6906152180873,-8643.082773659318,6400
-1686.004605283068,-1539.6906152180702,-1539.6906152181211,-1539.6906152180702,-1539.6906152180707,-1539.6906152180702,-1539.690615218219,-1652.7273479311725,-1539.6906152180738,1.4566126083082054e-13,510.6801888920991,-1539.6906152180873,-8643.082773659318,6400
-1561.5299271866425,-1539.6906152180702,-1539.6906152181211,-1539.6906152180702,-1539.6906152180707,-1539.6906152180702,-1539.690615218219,-1777.2739704821809,-1539.6906152180738,1.4566126083082054e-13,140.26266809179535,-1539.6906152180873,-8643.082773659318,6400
-1579.3490546087237,-1551.8325400673073,-1546.0364493540292,-1551.8325400673073,-1546.3683354246843,-1551.8325400673073,-1551.705055568941,-1751.2183643985268,-1551.8325400672743,0.07452027639076307,79.17190161988871,-1539.6906152180873,-8643.082773659318,7296
-1614.0657652598684,-1539.6906152180702,-1539.6906152181211,-1539.6906152180702,-1539.6906152180707,-1539.6906152180702,-1539.690615218219,-2683.3284445429795,-1539.6906152180738,1.4566126083082054e-13,715.534018302491,-1539.6906152180873,-8643.082773659318,7296
-1549.6200077969875,-1539.6906152180702,-1539.6906152181211,-1539.6906152180702,-1539.6906152180707,-1539.6906152180702,-1539.690615218219,-1682.2194543972032,-1539.6906152180738,1.4566126083082054e-13,134.65766425720423,-1539.6906152180873,-8643.082773659318,7296
-1552.1327089645447,-1540.5987677539472,-1541.4474681496529,-1540.5987677539472,-1541.447468149614,-1543.251744931172,-1543.1328097235025,-1783.5032678454909,-1543.2517449311667,0.11491578050074083,76.8078590613409,-1539.6906152180873,-8643.082773659318,7296
-1625.0385861665798,-1539.6906152180702,-1539.6906152181211,-1539.6906152180702,-1539.6906152180707,-1539.6906152180702,-1539.690615218219,-2210.9579977166977,-1539.6906152180738,1.4566126083082054e-13,757.0853267479881,-1539.6906152180873,-8643.082773659318,7296
-1642.842204556385,-1539.6906152180702,-1539.6906152181211,-1539.6906152180702,-1539.6906152180707,-1539.6906152180702,-1539.690615218219,-3221.589585866839,-1539.6906152180738,1.4566126083082054e-13,362.90226734027607,-1539.6906152180873,-8643.082773659318,7296
-1543.53454475159,-1539.6906152180702,-1540.042105511918,-1539.6906152180702,-1540.042105511917,-1540.3935958064628,-1540.3700061425911,-1676.2323548570564,-1540.393595806432,0.03965795875324679,98.64479445959961,-1539.6906152180873,-8643.082773659318,7296
-1600.6235809844209,-1539.6906152180704,-1544.5206940495752,-1539.6906152180704,-1544.5206940495689,-1539.6906152180704,-1548.5434618406414,-3596.1630035369294,-1539.6906152180738,1.4566126083082054e-13,713.7748037566382,-1539.6906152180873,-8643.082773659318,7296
-1584.373558933842,-1539.6906152180702,-1540.042105511918,-1540.3935958064628,-1540.0421055119457,-1540.3935958064628,-1540.3700061425911,-2039.8410772495508,-1540.393595806432,0.03965795875324679,425.7992841935049,-1539.6906152180873,-8643.082773659318,7296
-1831.0047084477653,-1551.8325400673073,-1546.0364493540292,-1551.8325400673073,-1546.0364493540508,-1551.8325400673073,-1551.705055568941,-3185.505086474764,-1551.8325400672743,0.07452027639076307,1039.616825985776,-1539.6906152180873,-8643.082773659318,7296
-1540.319228055138,-1539.6906152180704,-1546.7513389875128,-1541.095431258283,-1543.9667184040702,-1543.6957965163317,-1551.0604504608723,-2266.281198449277,-1543.6957965160373,0.16534003058747254,45.98185258221356,-1539.6906152180873,-8643.082773659318,8199
-1539.9412571681537,-1540.5721351858433,-1547.2203241061986,-1544.8956266464745,-1542.770878489572,-1542.099272286408,-1554.0623130595973,-1758.3057427441327,-1540.393595806432,0.03965795875324679,41.497061285524296,-1539.6906152180873,-8643.082773659318,8199
-1642.2962082997635,-1539.6906152180702,-1539.6906152181211,-1539.6906152180702,-1539.6906152180707,-1539.6906152180702,-1539.690615218219,-1702.9140343682805,-1539.6906152180738,1.4566126083082054e-13,339.86075698149835,-1539.6906152180873,-8643.082773659318,8199
-1570.4776343643534,-1539.6906152180702,-1539.6906152181211,-1539.6906152180702,-1539.6906152180707,-1539.6906152180702,-1539.690615218219,-1730.0808854351671,-1539.6906152180738,1.4566126083082054e-13,102.36811721776478,-1539.6906152180873,-8643.082773659318,8199
-1637.0624122728468,-1539.6906152180702,-1540.042105511918,-1540.3935958064628,-1540.0421055119457,-1540.3935958064628,-1540.3700061425911,-1598.7139974781883,-1540.393595806432,0.03965795875324679,954.5289205714494,-1539.6906152180873,-8643.082773659318,8199
-1540.7649654029601,-1539.6906152180702,-1539.6906152181211,-1539.6906152180702,-1539.6906152180707,-1539.6906152180702,-1539.690615218219,-1621.120112599921,-1539.6906152180738,1.4566126083082054e-13,58.29176165297368,-1539.6906152180873,-8643.082773659318,8199
-1575.4518086228852,-1539.6906152180702,-1539.6906152181211,-1539.6906152180702,-1539.6906152180707,-1539.6906152180702,-1539.690615218219,-1625.9437164285964,-1539.6906152180738,1.4566126083082054e-13,309.2799802963215,-1539.6906152180873,-8643.082773659318,8199
-1624.1836267813799,-1539.6906152180702,-1540.042105511918,-1540.3935958064628,-1540.0421055119457,-1540.3935958064628,-1540.3700061425911,-1754.1994844939286,-1540.393595806432,0.03965795875324679,760.8600047287043,-1539.6906152180873,-8643.082773659318,8199
-1779.5162378931539,-1540.3935958064628,-1540.042105511918,-1540.3935958064628,-1540.0421055119457,-1540.3935958064628,-1540.3700061425911,-2803.0724245576835,-1540.393595806432,0.03965795875324679,850.10555992128,-1539.6906152180873,-8643.082773659318,8199
-1697.3014487434098,-1550.7318270794574,-1545.2112211487363,-1550.7318270794574,-1545.2112211487636,-1550.7318270794574,-1550.682631179035,-2157.1457323371615,-1550.731827079446,0.07320907011372718,525.0418224295099,-1539.6906152180873,-8643.082773659318,8199
-1546.6439778188612,-1539.6906152180702,-1539.6906152181211,-1539.6906152180702,-1539.6906152180707,-1539.6906152180702,-1539.690615218219,-2094.147156076555,-1539.6906152180738,1.4566126083082054e-13,34.901355932302906,-1539.6906152180873,-8643.082773659318,9099
-1560.6617298814515,-1539.6906152180702,-1539.6906152181211,-1539.6906152180702,-1539.6906152180707,-1539.6906152180702,-1539.690615218219,-1660.222443416546,-1539.6906152180738,1.4566126083082054e-13,113.39841123169433,-1539.6906152180873,-8643.082773659318,9099
-1570.101244934332,-1539.6906152180702,-1539.6906152181211,-1539.6906152180702,-1539.6906152180707,-1539.6906152180702,-1539.690615218219,-2347.530532546109,-1539.6906152180738,1.4566126083082054e-13,292.0579612717658,-1539.6906152180873,-8643.082773659318,9099
-1561.0646886457662,-1539.6906152180702,-1539.6906152181211,-1539.6906152180702,-1539.6906152180707,-1539.6906152180702,-1539.690615218219,-1590.5164834213253,-1539.6906152180738,1.4566126083082054e-13,117.76039856287814,-1539.6906152180873,-8643.082773659318,9099
-1595.8650751382772,-1539.6906152180702,-1539.6906152181211,-1539.6906152180702,-1539.6906152180707,-1539.6906152180702,-1539.690615218219,-2811.7067048173967,-1539.6906152180738,1.4566126083082054e-13,546.2416116087368,-1539.6906152180873,-8643.082773659318,9099
-1549.8040603637596,-1539.6906152180702,-1539.6906152181211,-1539.6906152180702,-1539.6906152180707,-1539.6906152180702,-1539.690615218219,-2431.3241417449544,-1539.6906152180738,1.4566126083082054e-13,240.3335852426223,-1539.6906152180873,-8643.082773659318,9099
-1630.7224702154401,-1543.251744931172,-1541.4474681496529,-1543.251744931172,-1541.44746814957,-1543.251744931172,-1543.1328097235025,-2074.4349845266,-1543.2517449311667,0.11491578050074083,223.54981861910932,-1539.6906152180873,-8643.082773659318,9099
-1652.6291737582326,-1539.6906152180702,-1539.6906152181211,-1539.6906152180702,-1539.6906152180707,-1539.6906152180702,-1539.690615218219,-3371.412936621786,-1539.6906152180738,1.4566126083082054e-13,1190.8980472566454,-1539.6906152180873,-8643.082773659318,9099
-1730.3018506564679,-1539.6906152180702,-1539.6906152181211,-1539.6906152180702,-1539.6906152180707,-1539.6906152180702,-1539.690615218219,-2108.8695373490323,-1539.6906152180738,1.4566126083082054e-13,696.4015601910951,-1539.6906152180873,-8643.082773659318,9099
-1544.791475389973,-1539.6906152180702,-1539.6906152181211,-1539.6906152180702,-1539.6906152180707,-1539.6906152180702,-1539.690615218219,-1843.1732076128903,-1539.6906152180738,1.4566126083082054e-13,45.37446451928459,-1539.6906152180873,-8643.082773659318,9099
-1683.7661604642965,-1539.6906152180702,-1539.6906152181211,-1539.6906152180702,-1539.6906152180707,-1539.6906152180702,-1539.690615218219,-2218.8486468184565,-1539.6906152180738,1.4566126083082054e-13,461.36751919271643,-1539.6906152180873,-8643.082773659318,9999
-1623.255266473304,-1539.6906152180702,-1539.6906152181211,-1539.6906152180702,-1539.6906152180707,-1539.6906152180702,-1539.690615218219,-1584.4376787349363,-1539.6906152180738,1.4566126083082054e-13,982.0461976951983,-1539.6906152180873,-8643.082773659318,9999
-1552.04413138702,-1539.6906152180702,-1539.6906152181211,-1539.6906152180702,-1539.6906152180707,-1539.6906152180702,-1539.690615218219,-1587.2700205680908,-1539.6906152180738,1.4566126083082054e-13,108.5534580690067,-1539.6906152180873,-8643.082773659318,9999
-1638.6276881611184,-1539.6906152180702,-1539.6906152181211,-1539.6906152180702,-1539.6906152180707,-1539.6906152180702,-1539.690615218219,-2394.8992244691954,-1539.6906152180738,1.4566126083082054e-13,340.5093647749366,-1539.6906152180873,-8643.082773659318,9999
-1594.472544965757,-1539.6906152180702,-1540.042105511918,-1540.3935958064628,-1540.0421055119457,-1540.3935958064628,-1540.3700061425911,-1680.8927006945137,-1540.393595806432,0.03965795875324679,362.86496407185194,-1539.6906152180873,-8643.082773659318,9999
-1625.2501400245228,-1539.6906152180702,-1539.6906152181211,-1539.6906152180702,-1539.6906152180707,-1539.6906152180702,-1539.690615218219,-2069.1536819131156,-1539.6906152180738,1.4566126083082054e-13,958.4927293569694,-1539.6906152180873,-8643.082773659318,9999
-1594.924204565401,-1539.6906152180702,-1546.0364493540292,-1551.8325400673073,-1546.0364493540508,-1551.8325400673073,-1551.705055568941,-1746.177768085054,-1551.8325400672743,0.07452027639076307,732.0532227583953,-1539.6906152180873,-8643.082773659318,9999
-1609.8961749116907,-1539.6906152180702,-1539.6906152181211,-1539.6906152180702,-1539.6906152180707,-1539.6906152180702,-1539.690615218219,-1612.7346202541216,-1539.6906152180738,1.4566126083082054e-13,615.5461431273175,-1539.6906152180873,-8643.082773659318,9999
-1562.194626743644,-1539.6906152180702,-1539.6906152181211,-1539.6906152180702,-1539.6906152180707,-1539.6906152180702,-1539.690615218219,-2069.6197710095803,-1539.6906152180738,1.4566126083082054e-13,184.7568093682091,-1539.6906152180873,-8643.082773659318,9999
-1608.2808880845423,-1539.6906152180704,-1544.5206940495752,-1539.6906152180704,-1544.5206940495689,-1539.6906152180704,-1548.5434618406414,-1778.235090772213,-1539.6906152180738,1.4566126083082054e-13,829.0162919894747,-1539.6906152180873,-8643.082773659318,9999
